pathogenid,CE_clathrin,CE_receptor,ce_glycoprotiens,ce_other
27445706,0,1,0,0
26745927,0,1,0,0
3577573,0,1,0,0
4054284,0,1,0,0
4054285,0,1,0,0
27445738,0,1,0,0
4040840,0,1,0,0
27688973,0,1,0,0
27246142,0,1,0,0
27483739,0,1,0,0
4040841,0,1,0,0
26745993,0,1,0,0
26745991,0,1,0,0
27688975,0,1,0,0
27688977,0,1,0,0
3750466,0,1,0,0
3812364,0,1,0,0
3812365,0,1,0,0
27688979,0,1,0,0
27445713,0,1,0,0
3455201,0,0,1,0
4051168,0,0,1,0
27253618,0,0,1,0
3449617,0,0,1,0
27271396,0,0,1,0
27271398,0,0,1,0
27741051,0,0,1,0
27271400,0,0,1,0
3619539,0,0,1,0
27708927,0,0,1,0
3863693,0,0,1,0
27764677,0,0,1,0
27414256,0,0,1,0
27764681,0,0,1,0
27541019,0,0,1,0
27541021,0,0,1,0
27385156,0,0,1,0
27271402,0,0,1,0
27271404,0,0,1,0
27271406,0,0,1,0
27764685,0,0,1,0
3750469,0,0,1,0
27541023,0,0,1,0
27764707,0,0,1,0
27541025,0,0,1,0
27741053,0,0,1,0
27271408,0,0,1,0
27741055,0,0,1,0
27271410,0,0,1,0
27741057,0,0,1,0
27764711,0,0,1,0
27764713,0,0,1,0
4250817,0,0,1,0
4250818,0,0,1,0
4250819,0,0,1,0
4250820,0,0,1,0
4250821,0,0,1,0
4250822,0,0,1,0
4250823,0,0,1,0
27541027,0,0,1,0
27541029,0,0,1,0
3477913,0,0,1,0
3877219,0,0,1,0
3877220,0,0,1,0
3899503,0,0,1,0
3877221,0,0,1,0
3877222,0,0,1,0
3597999,0,0,1,0
3877223,0,0,1,0
3877224,0,0,1,0
3877225,0,0,1,0
3877226,0,0,1,0
3750460,0,0,1,0
3477917,0,0,1,0
3765565,0,0,1,0
27495294,0,0,1,0
3673428,0,0,1,0
3673430,0,0,1,0
3765566,0,0,1,0
26205614,0,0,1,0
3434804,0,0,1,0
3765562,0,0,1,0
3434829,0,0,1,0
3473948,0,0,1,0
3619538,0,0,1,0
3877227,0,0,1,0
3877228,0,0,1,0
3899163,0,0,1,0
4104791,0,0,1,0
3899501,0,0,1,0
3877229,0,0,1,0
3660176,0,0,1,0
3698419,0,0,1,0
3673429,0,0,1,0
3877230,0,0,1,0
3877231,0,0,1,0
3877232,0,0,1,0
3610481,0,0,1,0
3434812,0,0,1,0
4030896,0,0,1,0
3648128,0,0,1,0
3682072,0,0,1,0
3682077,0,0,1,0
3682078,0,0,1,0
27688969,0,0,1,0
27688971,0,0,1,0
26205184,0,0,1,0
27708917,0,0,1,0
3511464,0,0,1,0
26747639,0,0,1,0
3979193,0,0,1,0
3572075,0,0,1,0
27541063,0,0,1,0
4117051,0,0,1,0
27467794,0,0,1,0
4117054,0,0,1,0
3806500,0,0,1,0
3806501,0,0,1,0
3884241,0,0,1,0
27708919,0,0,1,0
27708921,0,0,1,0
27483737,0,0,1,0
3750257,0,0,1,0
24616158,0,0,1,0
27445749,0,0,1,0
27285944,0,0,1,0
3788606,0,0,1,0
27553411,0,0,1,0
3757163,0,0,1,0
27406664,0,0,1,0
27772743,0,0,1,0
27406666,0,0,1,0
3879345,0,0,1,0
27471584,0,0,1,0
27483741,0,0,1,0
27483743,0,0,1,0
27404176,0,0,1,0
27404180,0,0,1,0
3799300,0,0,1,0
4054283,0,0,1,0
27236560,0,0,1,0
27259436,0,0,1,0
27459000,0,0,1,0
3473022,0,0,1,0
4054287,0,0,1,0
26745973,0,0,1,0
27411528,0,0,1,0
27708923,0,0,1,0
27708925,0,0,1,0
27540817,0,0,1,0
26747805,0,0,1,0
26745639,0,0,1,0
27553413,0,0,1,0
27376841,0,0,1,0
3846198,0,0,1,0
3904562,0,0,1,0
4040842,0,0,1,0
3757161,0,0,1,0
3757162,0,0,1,0
4040843,0,0,1,0
3806502,0,0,1,0
3698423,0,0,1,0
27506399,0,0,1,0
4070524,0,0,1,0
3553246,0,0,1,0
3553248,0,0,1,0
3549764,0,0,1,0
3549233,0,0,1,0
3878925,0,0,1,0
26745919,0,0,1,0
3645182,0,0,1,0
27696877,0,0,1,0
27696879,0,0,1,0
3482655,0,0,1,0
4054286,0,0,1,0
27762755,0,0,1,0
27744673,0,0,1,0
27744675,0,0,1,0
27744677,0,0,1,0
27463390,0,0,1,0
27243862,0,0,1,0
27568966,0,0,1,0
3596889,0,0,1,0
3575765,0,0,1,0
27721065,0,0,1,0
3434835,0,0,1,0
3682352,0,0,1,0
24657645,0,0,1,0
26205634,0,0,1,0
3469509,0,0,1,0
26205494,0,0,1,0
3633200,0,0,1,0
3575767,0,0,1,0
26205514,0,0,1,0
3633201,0,0,1,0
3765580,0,0,1,0
3452140,0,0,1,0
3613989,0,0,1,0
23538926,0,0,1,0
3611160,0,0,1,0
3788215,0,0,1,0
3434872,0,0,1,0
3434862,0,1,0,0
3434816,0,0,1,0
3442108,0,0,1,0
26302778,0,0,1,0
26302918,0,0,1,0
3437792,0,0,1,0
3434825,0,0,1,0
27078623,0,0,1,0
3767864,0,0,1,0
4110345,0,0,1,0
3977712,0,0,1,0
3977713,0,0,1,0
4117048,0,0,1,0
4117049,0,0,1,0
26323626,0,0,1,0
3621114,0,0,1,0
3788217,0,0,1,0
3765575,0,0,1,0
3846807,0,0,1,0
3434843,0,0,1,0
3846808,0,0,1,0
3434853,0,0,1,0
27495296,0,0,1,0
3812136,0,0,1,0
26745963,0,0,1,0
3858247,0,0,1,0
3788216,0,0,1,0
26205616,0,0,1,0
3765578,0,0,1,0
3455485,0,0,1,0
3628488,0,0,1,0
3695668,0,0,1,0
3449621,0,0,1,0
3899174,0,0,1,0
3765573,0,0,1,0
3899502,0,0,1,0
3644527,0,0,1,0
3643987,0,0,1,0
4064035,0,0,1,0
3858248,0,0,1,0
26745859,0,0,1,0
3434845,0,0,1,0
3707136,0,0,1,0
3695321,0,0,1,0
3695320,0,0,1,0
27808586,0,0,1,0
26205552,0,0,1,0
3434820,0,0,1,0
3434827,0,0,1,0
26205638,0,0,1,0
26205488,0,0,1,0
3765583,0,0,1,0
23539716,0,0,1,0
3434709,0,1,0,0
3434751,0,1,0,0
3994641,0,1,0,0
3994642,0,1,0,0
3434715,0,1,0,0
3434739,0,1,0,0
3921008,0,1,0,0
3994643,0,1,0,0
3434765,0,1,0,0
3613342,0,1,0,0
3535416,0,1,0,0
3787876,0,1,0,0
3795285,0,1,0,0
3994644,0,1,0,0
3434796,0,1,0,0
3434755,0,0,1,0
3452126,0,0,1,0
3673213,0,0,1,0
3643011,0,0,1,0
3459963,0,0,1,0
3452128,0,0,1,0
3529209,0,0,1,0
3817273,0,0,1,0
3816590,0,0,1,0
3434767,0,0,1,0
3530040,0,0,1,0
3434777,0,0,1,0
3459451,0,0,1,0
3487622,0,0,1,0
3434781,0,0,1,0
3434783,0,0,1,0
3473020,0,0,1,0
3434790,0,0,1,0
3434972,0,0,0,1
2211153,0,0,1,0
2301493,0,0,1,0
2301494,0,0,1,0
2301495,0,0,1,0
2301496,0,0,1,0
3607027,0,0,1,0
27589153,0,0,1,0
2259112,0,0,1,0
1916691,0,0,1,0
1916692,0,0,1,0
1916693,0,0,1,0
1916694,0,0,1,0
2301497,0,0,1,0
27589155,0,0,1,0
27309390,0,0,1,0
27309392,0,0,1,0
27309394,0,0,1,0
27589141,0,0,1,0
27589143,0,0,1,0
2301498,0,0,1,0
2301499,0,0,1,0
2301500,0,0,1,0
2301501,0,0,1,0
2301502,0,0,1,0
26745933,0,0,1,0
2301503,0,0,1,0
27786484,0,0,1,0
27786486,0,0,1,0
27744671,0,0,1,0
1916695,0,0,1,0
2067749,0,0,1,0
27589145,0,0,1,0
2301504,0,0,1,0
1916696,0,0,1,0
26205610,0,0,1,0
2301505,0,0,1,0
27309396,0,0,1,0
27589157,0,0,1,0
27589159,0,0,1,0
27501722,0,0,1,0
27589147,0,0,1,0
2301506,0,0,1,0
27589161,0,0,1,0
27589163,0,0,1,0
27309398,0,0,1,0
27309400,0,0,1,0
27309402,0,0,1,0
27309404,0,0,1,0
1916697,0,0,1,0
1916698,0,0,1,0
27309382,0,0,1,0
27309384,0,0,1,0
27309386,0,0,1,0
27309388,0,0,1,0
27589149,0,0,1,0
27589151,0,0,1,0
1916699,0,0,1,0
1916700,0,0,1,0
27589165,0,0,1,0
27589167,0,0,1,0
27473108,0,0,1,0
26303144,0,0,1,0
27704971,0,0,1,0
2301509,0,0,1,0
2301510,0,0,1,0
2108209,0,0,1,0
2301517,0,0,1,0
2050010,0,0,1,0
2170312,0,0,1,0
27722107,0,0,1,0
27589169,0,0,1,0
27589171,0,0,1,0
2050011,0,0,1,0
27589173,0,0,1,0
27309406,0,0,1,0
27309408,0,0,1,0
27309410,0,0,1,0
27704973,0,0,1,0
2211155,0,0,1,0
2301518,0,0,1,0
2301519,0,0,1,0
2301520,0,0,1,0
27309412,0,0,1,0
27589175,0,0,1,0
27589177,0,0,1,0
27589179,0,0,1,0
3800077,0,0,1,0
3607026,0,0,1,0
3800073,0,0,1,0
3526822,0,0,1,0
3606857,0,0,1,0
3599191,0,0,1,0
2023337,0,0,1,0
4095380,0,0,1,0
4094761,0,0,1,0
4074303,0,0,1,0
26205210,0,0,1,0
26205206,0,0,1,0
26205208,0,0,1,0
2015376,0,0,1,0
3606499,0,0,1,0
3606496,0,0,1,0
3606498,0,0,1,0
3435054,0,0,1,0
3839071,0,0,1,0
3767266,0,0,1,0
24643278,0,0,1,0
24643279,0,0,1,0
24643280,0,0,1,0
2170000,0,0,1,0
27725305,0,0,1,0
27725307,0,0,1,0
26745985,0,0,1,0
3606500,0,0,1,0
3606501,0,0,1,0
26205544,0,0,1,0
26205546,0,0,1,0
26205548,0,0,1,0
24643281,0,0,1,0
24643282,0,0,1,0
24643283,0,0,1,0
24643284,0,0,1,0
24643285,0,0,1,0
24643286,0,0,1,0
3473911,0,0,1,0
1958807,0,0,1,0
2358482,0,0,1,0
3606423,0,0,1,0
3578842,0,0,1,0
3606497,0,0,1,0
3606842,0,0,1,0
3606840,0,0,1,0
3606841,0,0,1,0
3967246,0,0,1,0
2023343,0,0,1,0
24643287,0,0,1,0
24643288,0,0,1,0
2023342,0,0,1,0
3606502,0,0,1,0
4214424,0,0,1,0
4074885,0,0,1,0
27728883,0,0,1,0
1204570,0,0,1,0
3839067,0,0,1,0
3589338,0,0,1,0
3839069,0,0,1,0
3872677,0,0,1,0
3872679,0,0,1,0
24643289,0,0,1,0
24643290,0,0,1,0
24643291,0,0,1,0
24643292,0,0,1,0
24643293,0,0,1,0
24643294,0,0,1,0
24643295,0,0,1,0
24643296,0,0,1,0
24643297,0,0,1,0
24643298,0,0,1,0
24643299,0,0,1,0
24643300,0,0,1,0
24643301,0,0,1,0
24643302,0,0,1,0
24643303,0,0,1,0
26747509,0,0,1,0
26747511,0,0,1,0
24653183,0,0,1,0
24643304,0,0,1,0
24643305,0,0,1,0
24643306,0,0,1,0
24581772,0,0,1,0
2250215,0,0,1,0
3589160,0,0,1,0
3606899,0,0,1,0
3606900,0,0,1,0
3606901,0,0,1,0
1967296,0,0,1,0
24653182,0,0,1,0
4220432,0,0,1,0
26205464,0,0,1,0
26205460,0,0,1,0
3457372,0,0,1,0
3457374,0,0,1,0
26205462,0,0,1,0
3860544,0,0,1,0
26205398,0,0,1,0
3756223,0,0,1,0
4251331,0,0,1,0
26205434,0,0,1,0
3457386,0,0,1,0
26205458,0,0,1,0
26205442,0,0,1,0
2170002,0,0,1,0
27372179,0,0,1,0
2170003,0,0,1,0
3709001,0,0,1,0
2562198,0,0,1,0
3435001,0,1,0,0
4073779,0,0,0,1
4221557,0,0,0,1
3791691,0,1,0,0
3788617,0,1,0,0
3791692,0,1,0,0
3435090,0,1,0,0
3788629,0,1,0,0
3791683,0,1,0,0
3788630,0,1,0,0
3791686,0,1,0,0
3791687,0,1,0,0
3791693,0,1,0,0
3791685,0,1,0,0
3788620,0,1,0,0
3791684,0,1,0,0
3791694,0,1,0,0
3788781,0,1,0,0
3789050,0,1,0,0
3789051,0,1,0,0
3789052,0,1,0,0
3481670,0,1,0,0
27232016,0,1,0,0
3490912,0,1,0,0
26202622,0,1,0,0
26747963,0,1,0,0
26202689,0,1,0,0
3435080,0,1,0,0
3435078,0,1,0,0
3791695,0,1,0,0
26552541,0,1,0,0
27298814,0,1,0,0
4219314,0,1,0,0
27246606,0,1,0,0
4025666,0,1,0,0
27727391,0,1,0,0
27500482,0,1,0,0
27500488,0,1,0,0
4110301,0,1,0,0
4250019,0,1,0,0
27775963,0,1,0,0
26323240,0,1,0,0
27793434,0,1,0,0
4082321,0,1,0,0
27775961,0,1,0,0
27295640,0,1,0,0
26323246,0,1,0,0
27727389,0,1,0,0
26552587,0,1,0,0
27500490,0,1,0,0
3460994,0,1,0,0
3788782,0,1,0,0
26552659,0,1,0,0
26328584,0,1,0,0
26328586,0,1,0,0
26552661,0,1,0,0
26552663,0,1,0,0
26552665,0,1,0,0
26552667,0,1,0,0
26552669,0,1,0,0
26328588,0,1,0,0
3788783,0,1,0,0
26328592,0,1,0,0
27765035,0,1,0,0
27826466,0,1,0,0
27778539,0,1,0,0
27856566,0,1,0,0
27665302,0,1,0,0
3788786,0,1,0,0
26552671,0,1,0,0
26328594,0,1,0,0
26328596,0,1,0,0
26552673,0,1,0,0
3435084,0,1,0,0
24641587,0,1,0,0
3599586,0,1,0,0
3435176,0,1,0,0
3653605,0,1,0,0
3452148,0,1,0,0
27856732,0,1,0,0
3789047,0,1,0,0
27381809,0,1,0,0
3534004,0,1,0,0
27723707,0,1,0,0
3435092,0,1,0,0
26745825,0,1,0,0
26745827,0,1,0,0
27097318,0,1,0,0
26747439,0,1,0,0
3673665,0,1,0,0
27744679,0,1,0,0
27744681,0,1,0,0
27744683,0,1,0,0
27786498,0,1,0,0
27861136,0,1,0,0
27861134,0,1,0,0
27345570,0,1,0,0
4040585,0,1,0,0
27758099,0,1,0,0
3720567,0,1,0,0
3435082,0,1,0,0
27655259,0,1,0,0
27734961,0,1,0,0
3461002,0,1,0,0
27755415,0,1,0,0
27860012,0,1,0,0
27808584,0,1,0,0
3571396,0,1,0,0
27863686,0,1,0,0
24562512,0,1,0,0
24609452,0,1,0,0
3821029,0,1,0,0
27543093,0,1,0,0
27273496,0,1,0,0
3750238,0,1,0,0
27556939,0,1,0,0
3750239,0,1,0,0
26748013,0,1,0,0
26748063,0,1,0,0
26350136,0,1,0,0
27273610,0,1,0,0
27775967,0,1,0,0
27229038,0,1,0,0
27693587,0,1,0,0
4217053,0,1,0,0
4082320,0,1,0,0
3435072,0,1,0,0
26553247,0,1,0,0
27808582,0,1,0,0
27500484,0,1,0,0
3788776,0,1,0,0
26205236,0,1,0,0
27629007,0,1,0,0
28458273,0,1,0,0
26205234,0,1,0,0
4212727,0,1,0,0
27789517,0,1,0,0
3932358,0,1,0,0
4164252,0,1,0,0
4221022,0,1,0,0
26303162,0,1,0,0
27343860,0,1,0,0
26303164,0,1,0,0
26205516,0,1,0,0
27342870,0,1,0,0
27240550,0,1,0,0
26303094,0,1,0,0
26205240,0,1,0,0
27509057,0,1,0,0
27343858,0,1,0,0
26205242,0,1,0,0
26205244,0,1,0,0
26331088,0,1,0,0
3435192,0,1,0,0
3869614,0,1,0,0
26552729,0,1,0,0
27760195,0,1,0,0
26205414,0,1,0,0
4180721,0,1,0,0
27630185,0,1,0,0
27416532,0,1,0,0
26303166,0,1,0,0
27416530,0,1,0,0
26205496,0,1,0,0
27629005,0,1,0,0
3895567,0,1,0,0
4089591,0,1,0,0
27413410,0,1,0,0
27516519,0,1,0,0
4100229,0,1,0,0
4100230,0,1,0,0
3437738,0,1,0,0
26205230,0,1,0,0
26316488,0,1,0,0
26316552,0,1,0,0
4180253,0,1,0,0
3762889,0,1,0,0
26745917,0,1,0,0
26205606,0,1,0,0
26205604,0,1,0,0
26205602,0,1,0,0
4180249,0,1,0,0
4180251,0,1,0,0
4180250,0,1,0,0
27245956,0,1,0,0
4026996,0,1,0,0
26745683,0,1,0,0
27462784,0,1,0,0
26205500,0,1,0,0
4212220,0,1,0,0
26205502,0,1,0,0
26205478,0,1,0,0
4180248,0,1,0,0
27786270,0,1,0,0
27595044,0,1,0,0
26745795,0,1,0,0
3471899,0,1,0,0
27664788,0,1,0,0
27618655,0,1,0,0
27618657,0,1,0,0
3658383,0,0,1,0
3494289,0,0,1,0
3434661,0,0,1,0
3761684,0,0,1,0
27721481,0,0,1,0
26747763,0,0,1,0
3707054,0,0,1,0
3434675,0,0,1,0
3434673,0,0,1,0
3434669,0,0,1,0
3969549,0,0,1,0
3434685,0,0,1,0
3442991,0,0,1,0
3775757,0,0,1,0
3774939,0,0,1,0
3434618,0,0,1,0
3437786,0,0,1,0
3434620,0,0,1,0
3434643,0,0,1,0
3634278,0,0,1,0
3717949,0,0,1,0
3442989,0,0,1,0
3434622,0,0,1,0
3434641,0,0,1,0
3442993,0,0,1,0
3606293,0,0,1,0
4049021,0,0,1,0
26748019,0,0,1,0
3434647,0,0,1,0
3606294,0,0,1,0
3606292,0,0,1,0
3727116,0,0,1,0
3659447,0,0,1,0
26205248,0,0,1,0
4073045,0,0,1,0
3459092,0,0,1,0
27786502,0,0,1,0
27272630,0,0,1,0
3434679,0,0,1,0
3563150,0,0,1,0
3458036,0,0,1,0
26205446,0,1,0,0
26205448,0,1,0,0
26205450,0,1,0,0
26205452,0,1,0,0
26205454,0,1,0,0
26205456,0,1,0,0
4067809,0,1,0,0
4067818,0,1,0,0
4067819,0,1,0,0
4067820,0,1,0,0
4067821,0,1,0,0
4067822,0,1,0,0
4067823,0,1,0,0
4067824,0,1,0,0
4067825,0,1,0,0
4067826,0,1,0,0
4067827,0,1,0,0
4067810,0,1,0,0
4067828,0,1,0,0
4067829,0,1,0,0
4067830,0,1,0,0
4067831,0,1,0,0
4067832,0,1,0,0
4067833,0,1,0,0
4067834,0,1,0,0
4067835,0,1,0,0
4067836,0,1,0,0
4067837,0,1,0,0
4067811,0,1,0,0
4067812,0,1,0,0
4067813,0,1,0,0
4067814,0,1,0,0
4067815,0,1,0,0
4067816,0,1,0,0
4067817,0,1,0,0
26205628,0,1,0,0
1861840,0,1,0,0
2016460,0,1,0,0
26205600,0,1,0,0
2012640,0,1,0,0
24574231,0,1,0,0
2054609,0,1,0,0
27864476,0,1,0,0
27584525,0,1,0,0
2054610,0,1,0,0
2054611,0,1,0,0
2054612,0,1,0,0
2054613,0,1,0,0
2054614,0,1,0,0
2054615,0,1,0,0
26745981,0,1,0,0
26347630,0,1,0,0
26347632,0,1,0,0
3612885,0,1,0,0
3842334,0,1,0,0
2249932,0,1,0,0
2249933,0,1,0,0
2054616,0,1,0,0
2054617,0,1,0,0
2054618,0,1,0,0
2054619,0,1,0,0
2010248,0,1,0,0
2012676,0,1,0,0
2012677,0,1,0,0
2579707,0,1,0,0
27872163,0,1,0,0
3509728,0,1,0,0
4067838,0,1,0,0
2065036,0,1,0,0
2065037,0,1,0,0
2065038,0,1,0,0
27491970,0,1,0,0
4067839,0,1,0,0
4067840,0,1,0,0
4067841,0,1,0,0
4067842,0,1,0,0
4067843,0,1,0,0
4067844,0,1,0,0
4067845,0,1,0,0
4067846,0,1,0,0
3553721,0,1,0,0
4067850,0,1,0,0
4067851,0,1,0,0
4067853,0,1,0,0
2065043,0,1,0,0
3877756,0,1,0,0
4067848,0,1,0,0
2065051,0,1,0,0
2065052,0,1,0,0
2065053,0,1,0,0
2065054,0,1,0,0
2065055,0,1,0,0
2065056,0,1,0,0
4067849,0,1,0,0
2065044,0,1,0,0
2065045,0,1,0,0
2065046,0,1,0,0
2065047,0,1,0,0
2065048,0,1,0,0
2065049,0,1,0,0
2065050,0,1,0,0
4169151,0,1,0,0
4067855,0,1,0,0
4067856,0,1,0,0
26351220,0,1,0,0
1968861,0,1,0,0
27247234,0,1,0,0
4015555,0,1,0,0
27298818,0,1,0,0
2483303,0,1,0,0
4067854,0,1,0,0
27414310,0,1,0,0
27464166,0,1,0,0
27464168,0,1,0,0
27697599,0,1,0,0
26205124,0,1,0,0
26317808,0,1,0,0
3470921,0,1,0,0
3609825,0,1,0,0
3539534,0,1,0,0
26747895,0,1,0,0
27394608,0,1,0,0
27307312,0,1,0,0
26321396,0,1,0,0
24584726,0,1,0,0
3437778,0,1,0,0
2583049,0,1,0,0
27238812,0,1,0,0
2583050,0,1,0,0
27463524,0,0,0,1
27492676,0,0,0,1
27407022,0,0,0,1
26747873,1,0,0,0
25911109,1,0,0,0
26552469,1,0,0,0
27305904,1,0,0,0
26205118,1,0,0,0
26747411,1,0,0,0
26747643,1,0,0,0
3784819,1,0,0,0
26318076,1,0,0,0
26747773,1,0,0,0
26747687,1,0,0,0
4032202,1,0,0,0
27502044,1,0,0,0
27742799,1,0,0,0
24641367,1,0,0,0
24641369,1,0,0,0
27064412,1,0,0,0
24649679,1,0,0,0
26343680,1,0,0,0
26205402,1,0,0,0
26205640,1,0,0,0
27190778,1,0,0,0
26303126,1,0,0,0
3435406,1,0,0,0
26355740,1,0,0,0
26355742,1,0,0,0
26553217,1,0,0,0
27718775,1,0,0,0
27786500,1,0,0,0
27064458,1,0,0,0
4083126,1,0,0,0
26552295,1,0,0,0
26552297,1,0,0,0
3736135,1,0,0,0
4095360,1,0,0,0
26747689,1,0,0,0
3795592,1,0,0,0
26552931,1,0,0,0
3795593,1,0,0,0
26205642,1,0,0,0
3446955,1,0,0,0
26747693,1,0,0,0
27810616,1,0,0,0
3784821,1,0,0,0
27810618,1,0,0,0
27810620,1,0,0,0
27860016,1,0,0,0
27722105,1,0,0,0
27327870,1,0,0,0
27222176,1,0,0,0
26205220,1,0,0,0
26523804,1,0,0,0
26523806,1,0,0,0
26523836,1,0,0,0
27064460,1,0,0,0
27064414,1,0,0,0
25911279,1,0,0,0
27440409,1,0,0,0
3435408,1,0,0,0
3465118,1,0,0,0
27327782,1,0,0,0
27440397,1,0,0,0
27614199,1,0,0,0
27327780,1,0,0,0
27064386,1,0,0,0
27064388,1,0,0,0
27064420,1,0,0,0
27064432,1,0,0,0
26302866,1,0,0,0
3435425,1,0,0,0
26745923,1,0,0,0
27614211,1,0,0,0
3435429,1,0,0,0
26319152,1,0,0,0
3748335,1,0,0,0
26355746,1,0,0,0
3933119,1,0,0,0
26355748,1,0,0,0
26355750,1,0,0,0
27623029,0,0,0,1
26205554,0,0,0,1
27627521,0,0,0,1
26205624,0,0,0,1
27342242,0,0,0,1
25871175,0,0,0,1
25871209,0,0,0,1
25871225,0,0,0,1
25871229,0,0,0,1
3620988,0,0,0,1
25871279,0,0,0,1
3886774,0,0,0,1
3572356,0,0,0,1
3472021,0,1,0,0
3499249,0,1,0,0
3460146,0,1,0,0
3460148,0,1,0,0
22681827,0,1,0,0
3460152,0,1,0,0
3671890,0,1,0,0
3460154,0,1,0,0
3674497,0,1,0,0
26532146,0,1,0,0
22683139,0,1,0,0
3906921,0,1,0,0
26532144,0,1,0,0
22683091,0,1,0,0
3460156,0,1,0,0
3809306,0,1,0,0
3763440,0,1,0,0
3456925,1,0,0,0
3522003,1,0,0,0
4050298,1,0,0,0
3804442,1,0,0,0
3595788,1,0,0,0
25926061,1,0,0,0
26205252,1,0,0,0
24641372,1,0,0,0
3435648,1,0,0,0
3435622,1,0,0,0
26747775,1,0,0,0
27725495,1,0,0,0
3442126,1,0,0,0
3442995,1,0,0,0
3442996,1,0,0,0
3454045,1,0,0,0
26346512,1,0,0,0
26745797,1,0,0,0
3525422,0,1,0,0
3572703,0,1,0,0
3712150,0,1,0,0
27699795,0,1,0,0
26205112,0,1,0,0
2169486,0,1,0,0
4220459,0,1,0,0
4220461,0,1,0,0
4220462,0,1,0,0
4220463,0,1,0,0
4220464,0,1,0,0
4220465,0,1,0,0
26745673,0,1,0,0
24641359,0,1,0,0
24641360,0,1,0,0
4032422,0,1,0,0
24641361,0,1,0,0
24641362,0,1,0,0
24641363,0,1,0,0
24641364,0,1,0,0
24641365,0,1,0,0
24641366,0,1,0,0
26747691,0,1,0,0
26747685,0,1,0,0
2461425,0,1,0,0
2039492,0,1,0,0
27079817,0,1,0,0
27425849,0,1,0,0
27742755,0,1,0,0
1195280,0,1,0,0
1195281,0,1,0,0
1195282,0,1,0,0
1195283,0,1,0,0
1195284,0,1,0,0
1195285,0,1,0,0
1195286,0,1,0,0
1195287,0,1,0,0
1195288,0,1,0,0
1195289,0,1,0,0
1195290,0,1,0,0
1195291,0,1,0,0
1195292,0,1,0,0
4220466,0,1,0,0
26302812,0,1,0,0
2171379,0,1,0,0
2171380,0,1,0,0
1195368,0,1,0,0
4220468,0,1,0,0
24657742,0,1,0,0
2588662,0,1,0,0
26205652,0,1,0,0
2039491,0,1,0,0
2126056,0,1,0,0
2108207,0,1,0,0
2108208,0,1,0,0
1195369,0,1,0,0
2050009,0,1,0,0
2220003,0,1,0,0
2529473,0,1,0,0
1195375,0,1,0,0
26745739,0,1,0,0
26552357,0,1,0,0
3791609,0,1,0,0
26748071,0,1,0,0
2161797,0,1,0,0
2161798,0,1,0,0
2161799,0,1,0,0
2161800,0,1,0,0
2161801,0,1,0,0
2161802,0,1,0,0
27864762,0,1,0,0
3977363,0,1,0,0
4220460,0,1,0,0
23539052,0,1,0,0
26316980,0,1,0,0
26747467,0,1,0,0
26552463,0,1,0,0
3958925,0,1,0,0
24330059,0,1,0,0
27660195,0,1,0,0
26328080,0,1,0,0
26748073,0,1,0,0
4063617,0,1,0,0
4063618,0,1,0,0
4063619,0,1,0,0
26552795,0,1,0,0
3688849,0,1,0,0
4032420,0,1,0,0
4021711,0,1,0,0
3512921,0,1,0,0
1239578,0,1,0,0
4021712,0,1,0,0
1239580,0,1,0,0
4021665,0,1,0,0
1239582,0,1,0,0
4021703,0,1,0,0
3520753,0,1,0,0
26552797,0,1,0,0
27509451,0,1,0,0
27509453,0,1,0,0
27509455,0,1,0,0
4032419,0,1,0,0
1239572,0,1,0,0
4115924,0,1,0,0
4220467,0,1,0,0
27064444,0,1,0,0
27064382,0,1,0,0
27064424,0,1,0,0
27064384,0,1,0,0
1961665,0,1,0,0
1961666,0,1,0,0
1914442,0,1,0,0
4032423,0,1,0,0
26205122,0,1,0,0
27598650,0,1,0,0
4033158,0,1,0,0
3449703,0,1,0,0
3436986,0,1,0,0
26745809,0,1,0,0
4074883,0,1,0,0
26205216,0,1,0,0
3437000,0,1,0,0
4170942,0,1,0,0
4172330,0,1,0,0
24641377,0,1,0,0
3556752,0,1,0,0
26747485,0,1,0,0
3436990,0,1,0,0
3760702,0,1,0,0
26747931,0,1,0,0
3452596,0,1,0,0
3683174,0,1,0,0
3502593,1,0,0,0
3502578,1,0,0,0
3502597,1,0,0,0
3437782,1,0,0,0
3502555,1,0,0,0
3494389,1,0,0,0
3435860,1,0,0,0
3502585,1,0,0,0
3449682,1,0,0,0
3435886,1,0,0,0
3435888,1,0,0,0
3502587,1,0,0,0
3435874,1,0,0,0
3437760,1,0,0,0
3503560,1,0,0,0
3435882,1,0,0,0
3502559,1,0,0,0
3502565,1,0,0,0
3502557,1,0,0,0
3435876,1,0,0,0
3502621,1,0,0,0
26532106,1,0,0,0
3502623,1,0,0,0
3635119,1,0,0,0
3502574,1,0,0,0
3435884,1,0,0,0
3502581,1,0,0,0
3502561,1,0,0,0
3637662,1,0,0,0
3435880,1,0,0,0
3435894,1,0,0,0
3502627,1,0,0,0
25871155,1,0,0,0
25871173,1,0,0,0
25871179,1,0,0,0
25871219,1,0,0,0
3435919,1,0,0,0
25871269,1,0,0,0
25871271,1,0,0,0
25871267,1,0,0,0
25871291,1,0,0,0
25870178,1,0,0,0
25866305,1,0,0,0
25866313,1,0,0,0
25866339,1,0,0,0
25866472,1,0,0,0
25866481,1,0,0,0
25870174,1,0,0,0
25870180,1,0,0,0
25870182,1,0,0,0
26532094,1,0,0,0
25871147,1,0,0,0
26532000,1,0,0,0
27063176,1,0,0,0
26302984,1,0,0,0
3478041,1,0,0,0
3435911,1,0,0,0
3485017,1,0,0,0
3435905,1,0,0,0
3811043,1,0,0,0
3660347,1,0,0,0
3831989,1,0,0,0
25871149,1,0,0,0
27064452,1,0,0,0
27352658,1,0,0,0
26745857,1,0,0,0
26205194,1,0,0,0
26747695,1,0,0,0
26552879,1,0,0,0
26205196,0,0,0,1
26205214,0,0,0,1
26205298,0,1,0,0
3435773,1,0,0,0
3455173,1,0,0,0
3435775,1,0,0,0
3493921,1,0,0,0
3435781,1,0,0,0
26532010,1,0,0,0
3493923,1,0,0,0
3435779,1,0,0,0
3493925,1,0,0,0
3435783,1,0,0,0
3496721,1,0,0,0
3787098,1,0,0,0
3435787,1,0,0,0
3435795,1,0,0,0
3435797,1,0,0,0
26348418,1,0,0,0
3493929,1,0,0,0
3435799,1,0,0,0
3435805,1,0,0,0
3435809,1,0,0,0
3435819,1,0,0,0
26302980,1,0,0,0
3442132,1,0,0,0
27467906,1,0,0,0
26205528,1,0,0,0
26303110,1,0,0,0
3435821,1,0,0,0
3456873,1,0,0,0
27220424,1,0,0,0
27388952,1,0,0,0
26205532,1,0,0,0
26205526,1,0,0,0
4073256,1,0,0,0
27581700,1,0,0,0
26205152,1,0,0,0
27512803,1,0,0,0
3435981,1,0,0,0
3738341,1,0,0,0
26302948,1,0,0,0
27304458,1,0,0,0
4073260,1,0,0,0
27304460,1,0,0,0
3442103,1,0,0,0
4073257,1,0,0,0
4073258,1,0,0,0
27304464,1,0,0,0
27457890,1,0,0,0
26205114,1,0,0,0
4073262,1,0,0,0
27332472,1,0,0,0
3748805,1,0,0,0
27581703,1,0,0,0
26302946,1,0,0,0
25865473,1,0,0,0
4073263,1,0,0,0
4073266,1,0,0,0
27724327,1,0,0,0
4073264,1,0,0,0
4073267,1,0,0,0
4073265,1,0,0,0
4245730,1,0,0,0
26205126,1,0,0,0
27721963,1,0,0,0
27721965,1,0,0,0
27859440,1,0,0,0
27859442,1,0,0,0
27498738,1,0,0,0
27190780,1,0,0,0
27785053,1,0,0,0
27785055,1,0,0,0
27498740,1,0,0,0
27721961,1,0,0,0
27373536,1,0,0,0
26343682,1,0,0,0
4073271,1,0,0,0
4073272,1,0,0,0
27786268,1,0,0,0
26745793,1,0,0,0
3519494,1,0,0,0
3507893,1,0,0,0
3704110,1,0,0,0
26205168,0,1,0,0
27742777,0,0,0,1
26745585,1,0,0,0
4072566,1,0,0,0
3472300,1,0,0,0
3437188,1,0,0,0
25911107,0,1,0,0
3674919,0,1,0,0
27521097,0,1,0,0
27238814,0,1,0,0
26552519,0,1,0,0
27079819,0,1,0,0
26317056,0,1,0,0
4000649,0,1,0,0
3437109,0,1,0,0
3614624,0,1,0,0
3614625,0,1,0,0
3614626,0,1,0,0
3614627,0,1,0,0
3437105,0,1,0,0
26552619,0,1,0,0
3576915,0,1,0,0
3767612,0,1,0,0
27643580,0,1,0,0
26323910,0,1,0,0
27707351,0,1,0,0
26745837,0,1,0,0
27322052,0,1,0,0
27079821,0,1,0,0
3622611,0,1,0,0
3622612,0,1,0,0
3905854,0,1,0,0
27628077,0,1,0,0
3768800,0,1,0,0
26205192,0,1,0,0
27684677,0,1,0,0
3437161,0,1,0,0
27088382,0,1,0,0
27684675,0,1,0,0
27455006,0,1,0,0
26310406,0,1,0,0
26302982,0,1,0,0
3515363,0,1,0,0
3665716,0,1,0,0
26310400,0,1,0,0
27724797,0,1,0,0
27190776,0,1,0,0
26205228,0,1,0,0
26745735,0,1,0,0
26748095,0,1,0,0
26745717,0,1,0,0
27786488,0,1,0,0
27758097,0,1,0,0
26747803,0,1,0,0
27705979,0,1,0,0
26302976,0,1,0,0
26302978,0,1,0,0
26745733,0,1,0,0
27628079,0,1,0,0
26336712,0,1,0,0
27317562,0,1,0,0
27699955,0,1,0,0
27699957,0,1,0,0
27699959,0,1,0,0
27466726,0,1,0,0
3665804,0,1,0,0
3644865,0,1,0,0
27548767,0,1,0,0
26341496,0,1,0,0
24641948,0,1,0,0
24641949,0,1,0,0
24641950,0,1,0,0
26745623,0,1,0,0
26745769,0,1,0,0
26747505,0,1,0,0
26747407,0,1,0,0
27342556,0,1,0,0
27342558,0,1,0,0
26302988,0,1,0,0
27317564,0,1,0,0
27627803,0,1,0,0
26310408,0,1,0,0
27501990,0,1,0,0
27725003,0,1,0,0
26747761,0,1,0,0
27593630,0,1,0,0
26346802,0,1,0,0
24641374,0,1,0,0
4067497,0,1,0,0
4067498,0,1,0,0
3839662,0,1,0,0
3595892,0,1,0,0
3436278,1,0,0,0
3436338,1,0,0,0
26331886,1,0,0,0
3436385,1,0,0,0
3805214,1,0,0,0
26536111,1,0,0,0
3436274,1,0,0,0
3436405,1,0,0,0
24322795,0,0,1,0
26302930,0,0,1,0
26302920,0,0,1,0
3922446,0,0,1,0
2050008,0,0,1,0
3879777,0,0,1,0
26302838,0,0,1,0
26302888,0,0,1,0
26302932,0,0,1,0
24322794,0,0,1,0
26302974,0,0,1,0
26302934,0,0,1,0
4242120,0,0,1,0
3924930,0,0,1,0
3620060,0,0,1,0
3436479,0,0,1,0
3664030,0,0,1,0
3469976,0,0,1,0
3436501,0,0,1,0
3937512,0,0,1,0
26302966,0,0,1,0
3469108,0,0,1,0
3436481,0,0,1,0
3469112,0,0,1,0
26302922,0,0,1,0
4035530,0,0,1,0
24333459,0,0,1,0
26752259,0,0,1,0
3436487,0,0,1,0
3436497,0,0,1,0
26303038,0,0,1,0
4097735,0,0,1,0
3486443,0,0,1,0
3436499,0,0,1,0
3997611,0,0,1,0
26303040,0,0,1,0
3464980,0,0,1,0
3477265,0,0,1,0
26303034,0,0,1,0
3469106,0,0,1,0
3436503,0,0,1,0
3469116,0,0,1,0
26302786,0,0,1,0
3472147,0,0,1,0
26205104,0,0,1,0
4045315,0,0,1,0
26303148,0,0,1,0
26302996,0,0,1,0
3953012,0,0,1,0
3725788,0,0,1,0
26302950,0,0,1,0
3541335,0,0,1,0
3471595,0,0,1,0
4077862,0,0,1,0
3765044,0,0,1,0
3953011,0,0,1,0
3991076,0,0,1,0
3907869,0,0,1,0
26302884,0,0,1,0
26205110,0,0,1,0
24583981,0,0,1,0
3456588,0,0,1,0
3459597,0,0,1,0
26302856,0,0,1,0
26302902,0,0,1,0
26303116,0,0,1,0
26303092,0,0,1,0
3641981,0,0,1,0
3903023,0,0,1,0
3495359,0,0,1,0
3894939,0,0,1,0
4250804,0,0,1,0
3797990,0,0,1,0
3641980,0,0,1,0
4217989,0,0,1,0
3437742,0,0,1,0
3452242,0,0,1,0
26303128,0,0,1,0
26302864,0,0,1,0
3436450,0,0,1,0
26302806,0,0,1,0
26302878,0,0,1,0
4250805,0,0,1,0
3463805,0,0,1,0
3725789,0,0,1,0
3881301,0,0,1,0
24580125,0,0,1,0
3907868,0,0,1,0
3876175,0,0,1,0
4114189,0,0,1,0
3465211,0,0,1,0
26302956,0,0,1,0
3497225,0,0,1,0
26302880,0,0,1,0
3615086,0,0,1,0
26302994,0,0,1,0
26303154,0,0,1,0
4039856,0,0,1,0
4250803,0,0,1,0
26302822,0,0,1,0
3472843,0,0,1,0
26205106,0,0,1,0
3952288,0,0,1,0
3468301,0,0,1,0
3714775,0,0,1,0
4045314,0,0,1,0
3897026,0,0,1,0
3455803,0,0,1,0
3436456,0,0,1,0
3436458,0,0,1,0
4099241,0,0,1,0
3472149,0,0,1,0
3455314,0,0,1,0
24583980,0,0,1,0
26205328,0,0,1,0
3810695,0,0,1,0
26302904,0,0,1,0
3893898,0,0,1,0
3436464,0,0,1,0
3960787,0,0,1,0
26205330,0,0,1,0
3456178,0,0,1,0
3745764,0,0,1,0
3952289,0,0,1,0
3871154,0,0,1,0
26302876,0,0,1,0
26205332,0,0,1,0
26302862,0,0,1,0
3534967,0,0,1,0
26205336,0,0,1,0
26302992,0,0,1,0
26302906,0,0,1,0
26302870,0,0,1,0
26205108,0,0,1,0
26302968,0,0,1,0
3909481,0,0,1,0
26205334,0,0,1,0
22680835,0,0,1,0
26205212,0,0,1,0
3436438,0,0,1,0
3436442,0,0,1,0
22682273,0,0,1,0
22681961,0,0,1,0
26532004,0,0,1,0
3713732,0,0,1,0
26532126,0,0,1,0
22680739,0,0,1,0
3512557,0,0,1,0
3531123,0,0,1,0
3452222,0,0,1,0
3452234,0,0,1,0
3531109,0,0,1,0
3452224,0,0,1,0
3816996,0,0,1,0
23539124,0,0,1,0
3663424,0,0,1,0
22681423,0,0,1,0
23539130,0,0,1,0
26329468,0,0,1,0
3624523,0,0,1,0
3764111,0,0,1,0
3801754,0,0,1,0
3531115,0,0,1,0
3632764,0,0,1,0
3750838,0,0,1,0
3663427,0,0,1,0
26531988,0,0,1,0
3632766,0,0,1,0
25865481,0,0,1,0
3632773,0,0,1,0
3632771,0,0,1,0
3452226,0,0,1,0
26303030,0,0,1,0
26532124,0,0,1,0
3736787,0,0,1,0
26532134,0,0,1,0
26302896,0,0,1,0
26531982,0,0,1,0
4015652,0,0,1,0
4194446,0,0,1,0
22681333,0,0,1,0
4194414,0,0,1,0
25924812,0,0,1,0
4022304,0,0,1,0
4022312,0,0,1,0
4022311,0,0,1,0
26532016,0,0,1,0
3436426,0,0,1,0
3436428,0,0,1,0
4022315,0,0,1,0
3676287,0,0,1,0
3442101,0,0,1,0
25865475,0,0,1,0
26532096,0,0,1,0
26205120,1,0,0,0
3437710,1,0,0,0
26334994,1,0,0,0
26302798,1,0,0,0
26205314,0,0,1,0
3991856,0,0,1,0
3658151,0,0,1,0
3658152,0,0,1,0
23538934,0,0,1,0
3658150,0,0,1,0
26205174,0,0,1,0
3436199,0,0,1,0
3436049,0,0,1,0
27240946,0,0,1,0
3500937,0,0,1,0
27573242,0,0,1,0
3599170,0,0,1,0
3795426,0,0,1,0
3777906,0,0,1,0
27220142,0,0,1,0
3436134,0,0,1,0
3454019,0,0,1,0
26745893,0,0,1,0
26745977,0,0,1,0
3436138,0,0,1,0
3436150,0,0,1,0
3436152,0,0,1,0
3446965,0,0,1,0
3708175,0,0,1,0
4009759,0,0,1,0
3550952,0,0,1,0
26205218,0,0,1,0
3624076,0,0,1,0
27726935,0,0,1,0
27655255,0,0,1,0
27508497,0,0,1,0
27755949,0,0,1,0
27317882,0,0,1,0
27317890,0,0,1,0
27317884,0,0,1,0
27597694,0,0,1,0
27755953,0,0,1,0
27578400,0,0,1,0
27861900,0,0,1,0
27861898,0,0,1,0
27246132,0,0,1,0
27655257,0,0,1,0
27250094,0,0,1,0
27250096,0,0,1,0
3626534,0,0,1,0
27294026,0,0,1,0
3635448,0,0,1,0
4119854,0,0,1,0
4119855,0,0,1,0
4119856,0,0,1,0
3436105,0,0,1,0
3437808,0,0,1,0
3436107,0,0,1,0
3436078,0,0,1,0
27064426,0,0,1,0
3942607,0,0,1,0
3913068,0,0,1,0
3436099,0,0,1,0
3436089,0,0,1,0
3436091,0,0,1,0
3465473,0,0,1,0
3436019,0,0,1,0
3717283,0,0,1,0
3483026,0,0,1,0
3635569,0,0,1,0
3436161,0,0,1,0
26747749,0,0,1,0
3436169,0,0,1,0
3436193,0,0,1,0
3442987,0,0,1,0
3437828,0,0,1,0
27064464,0,0,1,0
3446981,1,0,0,0
3774942,1,0,0,0
3436260,1,0,0,0
3774943,1,0,0,0
27314316,1,0,0,0
3670877,1,0,0,0
24562545,1,0,0,0
27283494,1,0,0,0
3830835,1,0,0,0
3830840,1,0,0,0
27310744,1,0,0,0
3774956,1,0,0,0
3830836,1,0,0,0
24575704,1,0,0,0
27515097,1,0,0,0
3681667,1,0,0,0
3548822,1,0,0,0
24639714,1,0,0,0
3457972,1,0,0,0
3490733,1,0,0,0
3490735,1,0,0,0
3457974,1,0,0,0
26205306,1,0,0,0
26745593,1,0,0,0
3715136,1,0,0,0
3704731,1,0,0,0
3457970,1,0,0,0
26205312,1,0,0,0
3437756,1,0,0,0
3436242,1,0,0,0
4100059,1,0,0,0
26205250,1,0,0,0
26745957,1,0,0,0
4113808,1,0,0,0
3774952,1,0,0,0
4197210,1,0,0,0
3436205,1,0,0,0
3436212,1,0,0,0
3748785,1,0,0,0
3436218,1,0,0,0
3436209,1,0,0,0
3436211,1,0,0,0
3437732,0,0,0,1
27743891,0,0,1,0
27357253,0,0,1,0
3796036,0,0,1,0
3436687,0,0,1,0
3436844,0,0,1,0
3436701,0,0,1,0
3510888,0,0,1,0
4094489,0,0,1,0
3816314,0,0,1,0
26205466,0,0,1,0
3436846,0,0,1,0
3677281,0,0,1,0
3436906,0,0,1,0
3774452,0,0,1,0
3665273,0,0,1,0
3665274,0,0,1,0
3665276,0,0,1,0
3920881,0,0,1,0
3483030,0,0,1,0
3667063,0,0,1,0
26205186,0,0,1,0
27760337,0,0,1,0
3436717,0,0,1,0
3436824,0,0,1,0
3436779,0,0,1,0
3843437,0,0,1,0
3436781,0,0,1,0
3436743,0,0,1,0
4242142,0,0,1,0
3821375,0,0,1,0
3436978,0,0,1,0
3436531,0,0,1,0
3546353,0,0,1,0
3436532,0,0,1,0
3642667,0,0,1,0
3436542,0,0,1,0
3436558,0,0,1,0
3436564,0,0,1,0
3436625,0,0,1,0
3436538,0,0,1,0
3719277,0,0,1,0
3437824,0,0,1,0
3436648,0,0,1,0
3491033,0,0,1,0
3436677,0,0,1,0
27786492,0,0,1,0
27786494,0,0,1,0
3436809,0,0,1,0
27308710,0,0,1,0
3436982,0,0,1,0
3600692,0,0,1,0
3577019,0,0,1,0
24576764,0,0,1,0
3925361,0,0,1,0
3792643,0,0,1,0
3793032,0,0,1,0
3436513,0,0,1,0
26205190,0,1,0,0
3434880,0,1,0,0
3434882,0,1,0,0
27304566,0,1,0,0
27792520,0,1,0,0
3452164,0,1,0,0
3509107,0,1,0,0
2499618,1,0,0,0
2499621,1,0,0,0
2499932,1,0,0,0
2501969,1,0,0,0
2499685,1,0,0,0
3435823,1,0,0,0
2501948,1,0,0,0
2501947,1,0,0,0
2501964,1,0,0,0
2012620,1,0,0,0
2116538,1,0,0,0
26303112,1,0,0,0
26303114,1,0,0,0
26303108,1,0,0,0
27798261,0,1,0,0
4169881,0,1,0,0
26317172,0,1,0,0
4169882,0,1,0,0
4169883,0,1,0,0
27217050,0,1,0,0
27217052,0,1,0,0
27392358,0,1,0,0
3948504,0,1,0,0
1743398,0,1,0,0
24641378,0,1,0,0
2171392,0,1,0,0
2161805,0,1,0,0
1959930,0,1,0,0
3628277,0,1,0,0
2184710,0,1,0,0
2050022,0,1,0,0
1245560,0,1,0,0
3793688,0,1,0,0
2161807,0,1,0,0
2108212,0,1,0,0
2070151,0,1,0,0
3628278,0,1,0,0
2587462,0,1,0,0
3882048,0,1,0,0
2486204,0,1,0,0
1868218,0,1,0,0
2560338,0,1,0,0
1868219,0,1,0,0
1868220,0,1,0,0
2003310,0,1,0,0
2003311,0,1,0,0
2003312,0,1,0,0
2003313,0,1,0,0
2169823,0,1,0,0
2305270,0,1,0,0
2598785,0,1,0,0
1959759,0,1,0,0
2016456,0,1,0,0
2016457,0,1,0,0
2016458,0,1,0,0
2016459,0,1,0,0
1959761,0,1,0,0
1959842,0,1,0,0
1959843,0,1,0,0
1959844,0,1,0,0
1959845,0,1,0,0
2171383,0,1,0,0
1868221,0,1,0,0
2529490,0,1,0,0
4097579,0,1,0,0
4097580,0,1,0,0
27298644,0,1,0,0
1987735,0,1,0,0
1987737,0,1,0,0
1987738,0,1,0,0
1987731,0,1,0,0
1987732,0,1,0,0
1987733,0,1,0,0
1987734,0,1,0,0
2169485,0,1,0,0
2050927,0,1,0,0
26745719,0,1,0,0
1455631,0,1,0,0
2051672,0,1,0,0
26205622,0,1,0,0
2050926,0,1,0,0
2038719,0,1,0,0
2038728,0,1,0,0
2169855,0,1,0,0
2038720,0,1,0,0
2038721,0,1,0,0
2038722,0,1,0,0
2038723,0,1,0,0
2038724,0,1,0,0
2038725,0,1,0,0
2038727,0,1,0,0
1455626,0,1,0,0
2169856,0,1,0,0
1987744,0,1,0,0
1455628,0,1,0,0
1455627,0,1,0,0
2555873,0,0,1,0
26205102,0,0,1,0
3911294,0,0,1,0
26302820,0,0,1,0
3633082,0,0,1,0
26205318,0,0,1,0
26205320,0,0,1,0
22681635,0,0,1,0
2050012,0,0,1,0
2560807,0,0,1,0
3665369,0,0,1,0
26531970,0,0,1,0
22682669,0,0,1,0
26531918,0,0,1,0
1980525,0,0,1,0
3436444,0,0,1,0
26531934,0,0,1,0
2059308,0,0,1,0
3452442,0,0,1,0
3436421,0,0,1,0
3736782,0,0,1,0
26531938,0,0,1,0
2544873,0,0,1,0
2219998,0,0,1,0
26532122,0,0,1,0
3736784,0,0,1,0
4016918,0,0,1,0
3452446,0,0,1,0
3632774,0,0,1,0
3632775,0,0,1,0
3531121,0,0,1,0
3736778,0,0,1,0
3632770,0,0,1,0
3632769,0,0,1,0
3531117,0,0,1,0
1606765,1,0,0,0
3912933,0,1,0,0
2500545,0,1,0,0
2478654,0,1,0,0
2161811,0,1,0,0
2069371,0,1,0,0
2169775,0,1,0,0
4006033,0,1,0,0
4006035,0,1,0,0
4006036,0,1,0,0
2003652,0,1,0,0
2169853,0,1,0,0
2169854,0,1,0,0
2041149,0,1,0,0
26747751,0,0,1,0
3715137,1,0,0,0
3478672,1,0,0,0
